,statsYm,roadNmCd,ctpvNm,sggNm,roadNm,totNmprCnt,hhCnt,hhNmpr,maleNmprCnt,femlNmprCnt,maleFemlRate
0,202404,111402005001,서울특별시,중구,세종대로,69,68,1.01,57,12,4.75
1,202404,111402100001,서울특별시,중구,삼일대로,2,2,1.0,1,1,1.0
2,202404,111403000008,서울특별시,중구,통일로,461,294,1.57,249,212,1.17
3,202404,111403005001,서울특별시,중구,동호로,483,336,1.44,208,275,0.76
4,202404,111403005002,서울특별시,중구,무교로,4,3,1.33,2,2,1.0
5,202404,111403005004,서울특별시,중구,새문안로,2,1,2.0,2,0,2.0
6,202404,111403005006,서울특별시,중구,수표로,138,94,1.47,89,49,1.82
7,202404,111403005008,서울특별시,중구,창경궁로,37,31,1.19,23,14,1.64
8,202404,111403005009,서울특별시,중구,마장로,632,536,1.18,277,355,0.78
9,202404,111403005010,서울특별시,중구,서소문로,278,213,1.31,123,155,0.79
10,202404,111403005011,서울특별시,중구,왕십리로,1276,860,1.48,564,712,0.79
11,202404,111403100018,서울특별시,중구,난계로,1502,1130,1.33,542,960,0.56
12,202404,111403100021,서울특별시,중구,청계천로,4344,1979,2.2,2070,2274,0.91
13,202404,111403101001,서울특별시,중구,남대문로,24,20,1.2,16,8,2.0
14,202404,111403101002,서울특별시,중구,마른내로,1442,1177,1.23,671,771,0.87
15,202404,111403101003,서울특별시,중구,서애로,160,107,1.5,89,71,1.25
16,202404,111403101004,서울특별시,중구,소공로,1430,596,2.4,649,781,0.83
17,202404,111403101005,서울특별시,중구,소파로,73,40,1.83,34,39,0.87
18,202404,111403101006,서울특별시,중구,을지로,418,277,1.51,200,218,0.92
19,202404,111403101007,서울특별시,중구,중림로,2228,993,2.24,1024,1204,0.85
20,202404,111403101008,서울특별시,중구,청구로,3046,1250,2.44,1464,1582,0.93
21,202404,111403101009,서울특별시,중구,충무로,245,223,1.1,153,92,1.66
22,202404,111403101010,서울특별시,중구,칠패로,314,161,1.95,159,155,1.03
23,202404,111403101011,서울특별시,중구,퇴계로,3840,2060,1.86,1840,2000,0.92
24,202404,111403101012,서울특별시,중구,필동로,363,232,1.56,196,167,1.17
25,202404,111403101014,서울특별시,중구,다산로,13669,6813,2.01,6285,7384,0.85
26,202404,111403101016,서울특별시,중구,만리재로,4796,1950,2.46,2353,2443,0.96
27,202404,111403101018,서울특별시,중구,소월로,28,19,1.47,16,12,1.33
28,202404,111403101019,서울특별시,중구,손기정로,2,2,1.0,2,0,2.0
29,202404,111403101021,서울특별시,중구,장충단로,106,87,1.22,57,49,1.16
30,202404,111403101023,서울특별시,중구,청파로,1156,834,1.39,573,583,0.98
31,202404,111404103003,서울특별시,중구,난계로11길,787,489,1.61,384,403,0.95
32,202404,111404103004,서울특별시,중구,난계로13길,395,216,1.83,183,212,0.86
33,202404,111404103005,서울특별시,중구,난계로15길,519,344,1.51,246,273,0.9
34,202404,111404103006,서울특별시,중구,난계로17길,1133,746,1.52,528,605,0.87
35,202404,111404103007,서울특별시,중구,난계로19길,55,34,1.62,26,29,0.9
36,202404,111404103008,서울특별시,중구,난계로21길,491,320,1.53,241,250,0.96
37,202404,111404103009,서울특별시,중구,난계로23길,131,74,1.77,50,81,0.62
38,202404,111404103012,서울특별시,중구,남대문로10길,2,1,2.0,1,1,1.0
39,202404,111404103013,서울특별시,중구,남대문로1길,79,70,1.13,39,40,0.98
40,202404,111404103014,서울특별시,중구,남대문로5길,44,42,1.05,39,5,7.8
41,202404,111404103015,서울특별시,중구,남대문로7길,1,1,1.0,1,0,1.0
42,202404,111404103016,서울특별시,중구,남대문로9길,20,17,1.18,14,6,2.33
43,202404,111404103017,서울특별시,중구,남대문시장10길,3,3,1.0,0,3,0.0
44,202404,111404103018,서울특별시,중구,남대문시장2가길,2,2,1.0,1,1,1.0
45,202404,111404103019,서울특별시,중구,남대문시장2길,1,1,1.0,1,0,1.0
46,202404,111404103020,서울특별시,중구,남대문시장4길,5,3,1.67,3,2,1.5
47,202404,111404103021,서울특별시,중구,남대문시장6길,2,2,1.0,2,0,2.0
48,202404,111404103022,서울특별시,중구,남대문시장8길,3,3,1.0,2,1,2.0
49,202404,111404103023,서울특별시,중구,남대문시장길,11,8,1.38,6,5,1.2
50,202404,111404103026,서울특별시,중구,다동길,24,20,1.2,16,8,2.0
51,202404,111404103028,서울특별시,중구,다산로10길,76,55,1.38,31,45,0.69
52,202404,111404103029,서울특별시,중구,다산로11길,14,11,1.27,11,3,3.67
53,202404,111404103030,서울특별시,중구,다산로12길,105,71,1.48,56,49,1.14
54,202404,111404103031,서울특별시,중구,다산로14길,214,165,1.3,93,121,0.77
55,202404,111404103032,서울특별시,중구,다산로15길,136,61,2.23,73,63,1.16
56,202404,111404103033,서울특별시,중구,다산로16길,194,113,1.72,100,94,1.06
57,202404,111404103034,서울특별시,중구,다산로18길,314,201,1.56,135,179,0.75
58,202404,111404103035,서울특별시,중구,다산로19길,256,160,1.6,128,128,1.0
59,202404,111404103036,서울특별시,중구,다산로20길,314,166,1.89,159,155,1.03
60,202404,111404103037,서울특별시,중구,다산로21길,464,208,2.23,207,257,0.81
61,202404,111404103038,서울특별시,중구,다산로22길,253,146,1.73,109,144,0.76
62,202404,111404103039,서울특별시,중구,다산로24가길,66,27,2.44,26,40,0.65
63,202404,111404103040,서울특별시,중구,다산로24길,657,316,2.08,318,339,0.94
64,202404,111404103041,서울특별시,중구,다산로25길,7,3,2.33,3,4,0.75
65,202404,111404103042,서울특별시,중구,다산로27길,48,29,1.66,26,22,1.18
66,202404,111404103043,서울특별시,중구,다산로28가길,141,78,1.81,67,74,0.91
67,202404,111404103044,서울특별시,중구,다산로28길,242,138,1.75,119,123,0.97
68,202404,111404103045,서울특별시,중구,다산로28나길,134,81,1.65,64,70,0.91
69,202404,111404103046,서울특별시,중구,다산로29길,487,285,1.71,240,247,0.97
70,202404,111404103047,서울특별시,중구,다산로31길,562,317,1.77,264,298,0.89
71,202404,111404103048,서울특별시,중구,다산로32길,97,57,1.7,48,49,0.98
72,202404,111404103049,서울특별시,중구,다산로33가길,129,89,1.45,78,51,1.53
73,202404,111404103050,서울특별시,중구,다산로33길,402,240,1.68,204,198,1.03
74,202404,111404103051,서울특별시,중구,다산로33나길,35,28,1.25,16,19,0.84
75,202404,111404103052,서울특별시,중구,다산로33다길,185,119,1.55,105,80,1.31
76,202404,111404103053,서울특별시,중구,다산로33라길,547,333,1.64,284,263,1.08
77,202404,111404103054,서울특별시,중구,다산로34길,132,61,2.16,67,65,1.03
78,202404,111404103055,서울특별시,중구,다산로35길,161,104,1.55,84,77,1.09
79,202404,111404103056,서울특별시,중구,다산로36가길,303,148,2.05,159,144,1.1
80,202404,111404103057,서울특별시,중구,다산로36길,4317,1563,2.76,2035,2282,0.89
81,202404,111404103058,서울특별시,중구,다산로36나길,199,108,1.84,85,114,0.75
82,202404,111404103059,서울특별시,중구,다산로36다길,96,64,1.5,53,43,1.23
83,202404,111404103060,서울특별시,중구,다산로38길,290,142,2.04,149,141,1.06
84,202404,111404103061,서울특별시,중구,다산로39가길,110,75,1.47,67,43,1.56
85,202404,111404103062,서울특별시,중구,다산로39길,268,201,1.33,149,119,1.25
86,202404,111404103063,서울특별시,중구,다산로40길,215,118,1.82,126,89,1.42
87,202404,111404103064,서울특별시,중구,다산로42가길,373,170,2.19,175,198,0.88
88,202404,111404103065,서울특별시,중구,다산로42길,598,353,1.69,325,273,1.19
89,202404,111404103066,서울특별시,중구,다산로42나길,480,224,2.14,222,258,0.86
90,202404,111404103067,서울특별시,중구,다산로42다길,142,62,2.29,70,72,0.97
91,202404,111404103068,서울특별시,중구,다산로44길,366,260,1.41,214,152,1.41
92,202404,111404103069,서울특별시,중구,다산로46길,925,422,2.19,416,509,0.82
93,202404,111404103070,서울특별시,중구,다산로47길,24,13,1.85,12,12,1.0
94,202404,111404103071,서울특별시,중구,다산로48길,18,9,2.0,9,9,1.0
95,202404,111404103072,서울특별시,중구,다산로4길,112,78,1.44,52,60,0.87
96,202404,111404103073,서울특별시,중구,다산로5길,296,177,1.67,145,151,0.96
97,202404,111404103074,서울특별시,중구,다산로6길,460,240,1.92,209,251,0.83
98,202404,111404103075,서울특별시,중구,다산로8길,341,189,1.8,155,186,0.83
99,202404,111404103076,서울특별시,중구,덕수궁길,10,5,2.0,5,5,1.0
100,202404,111404103078,서울특별시,중구,동호로10길,5283,2393,2.21,2450,2833,0.86
101,202404,111404103079,서울특별시,중구,동호로11가길,187,121,1.55,87,100,0.87
102,202404,111404103080,서울특별시,중구,동호로11길,492,233,2.11,227,265,0.86
103,202404,111404103081,서울특별시,중구,동호로11나길,550,300,1.83,282,268,1.05
104,202404,111404103082,서울특별시,중구,동호로11다길,321,144,2.23,157,164,0.96
105,202404,111404103083,서울특별시,중구,동호로11라길,270,154,1.75,135,135,1.0
106,202404,111404103084,서울특별시,중구,동호로11마길,1019,461,2.21,502,517,0.97
107,202404,111404103085,서울특별시,중구,동호로11바길,619,298,2.08,321,298,1.08
108,202404,111404103086,서울특별시,중구,동호로11아길,453,224,2.02,238,215,1.11
109,202404,111404103087,서울특별시,중구,동호로11자길,361,187,1.93,179,182,0.98
110,202404,111404103088,서울특별시,중구,동호로11차길,154,72,2.14,83,71,1.17
111,202404,111404103089,서울특별시,중구,동호로12길,153,81,1.89,87,66,1.32
112,202404,111404103090,서울특별시,중구,동호로14길,495,306,1.62,217,278,0.78
113,202404,111404103091,서울특별시,중구,동호로15가길,281,147,1.91,142,139,1.02
114,202404,111404103092,서울특별시,중구,동호로15길,1321,592,2.23,630,691,0.91
115,202404,111404103093,서울특별시,중구,동호로17가길,259,139,1.86,136,123,1.11
116,202404,111404103094,서울특별시,중구,동호로17길,1605,824,1.95,760,845,0.9
117,202404,111404103095,서울특별시,중구,동호로17나길,167,84,1.99,73,94,0.78
118,202404,111404103096,서울특별시,중구,동호로17다길,191,85,2.25,90,101,0.89
119,202404,111404103097,서울특별시,중구,동호로18길,394,182,2.16,186,208,0.89
120,202404,111404103098,서울특별시,중구,동호로20가길,37,14,2.64,19,18,1.06
121,202404,111404103099,서울특별시,중구,동호로20길,430,221,1.95,198,232,0.85
122,202404,111404103100,서울특별시,중구,동호로20나길,92,43,2.14,47,45,1.04
123,202404,111404103101,서울특별시,중구,동호로20다길,239,113,2.12,117,122,0.96
124,202404,111404103102,서울특별시,중구,동호로24길,156,132,1.18,83,73,1.14
125,202404,111404103103,서울특별시,중구,동호로25가길,730,502,1.45,436,294,1.48
126,202404,111404103104,서울특별시,중구,동호로25길,785,553,1.42,419,366,1.14
127,202404,111404103105,서울특별시,중구,동호로27길,102,77,1.32,47,55,0.85
128,202404,111404103106,서울특별시,중구,동호로28길,72,48,1.5,39,33,1.18
129,202404,111404103107,서울특별시,중구,동호로30길,171,99,1.73,81,90,0.9
130,202404,111404103108,서울특별시,중구,동호로31길,7,5,1.4,3,4,0.75
131,202404,111404103109,서울특별시,중구,동호로33길,197,189,1.04,93,104,0.89
132,202404,111404103110,서울특별시,중구,동호로34길,41,32,1.28,27,14,1.93
133,202404,111404103111,서울특별시,중구,동호로35길,93,76,1.22,43,50,0.86
134,202404,111404103112,서울특별시,중구,동호로37길,9,8,1.13,7,2,3.5
135,202404,111404103113,서울특별시,중구,동호로5길,57,33,1.73,24,33,0.73
136,202404,111404103114,서울특별시,중구,동호로7길,370,279,1.33,145,225,0.64
137,202404,111404103115,서울특별시,중구,동호로8가길,590,289,2.04,286,304,0.94
138,202404,111404103116,서울특별시,중구,동호로8길,557,283,1.97,267,290,0.92
139,202404,111404103117,서울특별시,중구,동호로8나길,612,290,2.11,295,317,0.93
140,202404,111404103118,서울특별시,중구,동호로8다길,272,145,1.88,138,134,1.03
141,202404,111404103119,서울특별시,중구,동호로8라길,308,158,1.95,160,148,1.08
142,202404,111404103120,서울특별시,중구,마른내로10길,6,5,1.2,6,0,6.0
143,202404,111404103121,서울특별시,중구,마른내로12길,30,23,1.3,16,14,1.14
144,202404,111404103122,서울특별시,중구,마른내로2길,29,24,1.21,18,11,1.64
145,202404,111404103123,서울특별시,중구,마른내로4가길,24,21,1.14,12,12,1.0
146,202404,111404103124,서울특별시,중구,마른내로4길,20,15,1.33,14,6,2.33
147,202404,111404103125,서울특별시,중구,마른내로6길,25,18,1.39,16,9,1.78
148,202404,111404103126,서울특별시,중구,마른내로8길,32,27,1.19,20,12,1.67
149,202404,111404103130,서울특별시,중구,마장로13길,57,37,1.54,24,33,0.73
150,202404,111404103131,서울특별시,중구,마장로14가길,62,35,1.77,35,27,1.3
151,202404,111404103132,서울특별시,중구,마장로14길,94,79,1.19,55,39,1.41
152,202404,111404103133,서울특별시,중구,마장로15길,162,97,1.67,82,80,1.03
153,202404,111404103134,서울특별시,중구,마장로16길,80,54,1.48,38,42,0.9
154,202404,111404103135,서울특별시,중구,마장로18길,326,230,1.42,138,188,0.73
155,202404,111404103136,서울특별시,중구,마장로1가길,1,1,1.0,1,0,1.0
156,202404,111404103137,서울특별시,중구,마장로1길,6,5,1.2,4,2,2.0
157,202404,111404103138,서울특별시,중구,마장로3길,17,11,1.55,11,6,1.83
158,202404,111404103139,서울특별시,중구,마장로5길,100,66,1.52,60,40,1.5
159,202404,111404103140,서울특별시,중구,마장로7길,23,14,1.64,11,12,0.92
160,202404,111404103141,서울특별시,중구,마장로9길,265,195,1.36,134,131,1.02
161,202404,111404103143,서울특별시,중구,만리재로21길,4,3,1.33,2,2,1.0
162,202404,111404103144,서울특별시,중구,만리재로27길,55,26,2.12,27,28,0.96
163,202404,111404103147,서울특별시,중구,만리재로33길,534,185,2.89,268,266,1.01
164,202404,111404103148,서울특별시,중구,만리재로35길,191,109,1.75,93,98,0.95
165,202404,111404103149,서울특별시,중구,만리재로37길,286,148,1.93,138,148,0.93
166,202404,111404103151,서울특별시,중구,명동10길,18,16,1.13,10,8,1.25
167,202404,111404103153,서울특별시,중구,명동13길,4,1,4.0,2,2,1.0
168,202404,111404103154,서울특별시,중구,명동2길,8,7,1.14,4,4,1.0
169,202404,111404103155,서울특별시,중구,명동3길,11,11,1.0,10,1,10.0
170,202404,111404103156,서울특별시,중구,명동4길,5,3,1.67,3,2,1.5
171,202404,111404103159,서울특별시,중구,명동7길,20,16,1.25,12,8,1.5
172,202404,111404103160,서울특별시,중구,명동8가길,23,14,1.64,9,14,0.64
173,202404,111404103161,서울특별시,중구,명동8길,7,6,1.17,6,1,6.0
174,202404,111404103162,서울특별시,중구,명동8나길,2,2,1.0,2,0,2.0
175,202404,111404103164,서울특별시,중구,명동9길,7,6,1.17,6,1,6.0
176,202404,111404103165,서울특별시,중구,명동길,490,31,15.81,38,452,0.08
177,202404,111404103169,서울특별시,중구,삼일대로12길,5,2,2.5,4,1,4.0
178,202404,111404103171,서울특별시,중구,삼일대로2길,29,24,1.21,20,9,2.22
179,202404,111404103172,서울특별시,중구,삼일대로4길,2,2,1.0,1,1,1.0
180,202404,111404103173,서울특별시,중구,삼일대로6길,15,15,1.0,10,5,2.0
181,202404,111404103174,서울특별시,중구,삼일대로8길,211,187,1.13,98,113,0.87
182,202404,111404103175,서울특별시,중구,삼일대로9길,8,5,1.6,4,4,1.0
183,202404,111404103177,서울특별시,중구,서소문로11길,1,1,1.0,1,0,1.0
184,202404,111404103179,서울특별시,중구,서소문로2길,511,275,1.86,260,251,1.04
185,202404,111404103180,서울특별시,중구,서소문로6길,255,184,1.39,88,167,0.53
186,202404,111404103182,서울특별시,중구,서소문로9길,737,396,1.86,305,432,0.71
187,202404,111404103183,서울특별시,중구,서애로1길,445,307,1.45,205,240,0.85
188,202404,111404103184,서울특별시,중구,서애로3길,111,57,1.95,56,55,1.02
189,202404,111404103185,서울특별시,중구,서애로5길,176,125,1.41,88,88,1.0
190,202404,111404103187,서울특별시,중구,세종대로11길,14,8,1.75,9,5,1.8
191,202404,111404103189,서울특별시,중구,세종대로14길,41,39,1.05,28,13,2.15
192,202404,111404103190,서울특별시,중구,세종대로16길,7,4,1.75,3,4,0.75
193,202404,111404103191,서울특별시,중구,세종대로18길,2,2,1.0,2,0,2.0
194,202404,111404103192,서울특별시,중구,세종대로19길,1,1,1.0,1,0,1.0
195,202404,111404103194,서울특별시,중구,세종대로20길,3,3,1.0,2,1,2.0
196,202404,111404103195,서울특별시,중구,세종대로21길,12,3,4.0,2,10,0.2
197,202404,111404103196,서울특별시,중구,세종대로22길,1,1,1.0,0,1,0.0
198,202404,111404103197,서울특별시,중구,세종대로2가길,49,44,1.11,40,9,4.44
199,202404,111404103198,서울특별시,중구,세종대로2길,3,3,1.0,2,1,2.0
200,202404,111404103199,서울특별시,중구,세종대로2나길,7,6,1.17,4,3,1.33
201,202404,111404103200,서울특별시,중구,세종대로4길,4,3,1.33,4,0,4.0
202,202404,111404103201,서울특별시,중구,세종대로5길,1,1,1.0,1,0,1.0
203,202404,111404103204,서울특별시,중구,소공로1길,14,11,1.27,6,8,0.75
204,202404,111404103205,서울특별시,중구,소공로3길,368,192,1.92,184,184,1.0
205,202404,111404103206,서울특별시,중구,소공로4길,33,21,1.57,14,19,0.74
206,202404,111404103207,서울특별시,중구,소공로6가길,86,62,1.39,37,49,0.76
207,202404,111404103208,서울특별시,중구,소공로6길,53,34,1.56,29,24,1.21
208,202404,111404103209,서울특별시,중구,소공로6나길,80,49,1.63,39,41,0.95
209,202404,111404103212,서울특별시,중구,소월로1길,20,11,1.82,11,9,1.22
210,202404,111404103213,서울특별시,중구,소월로2길,275,108,2.55,132,143,0.92
211,202404,111404103215,서울특별시,중구,소파로2길,39,1,39.0,20,19,1.05
212,202404,111404103216,서울특별시,중구,소파로4길,47,32,1.47,28,19,1.47
213,202404,111404103223,서울특별시,중구,손기정로1길,176,84,2.1,89,87,1.02
214,202404,111404103225,서울특별시,중구,수표로10길,9,6,1.5,5,4,1.25
215,202404,111404103226,서울특별시,중구,수표로12길,16,11,1.45,10,6,1.67
216,202404,111404103227,서울특별시,중구,수표로2길,8,8,1.0,7,1,7.0
217,202404,111404103229,서울특별시,중구,수표로6길,33,33,1.0,31,2,15.5
218,202404,111404103230,서울특별시,중구,왕십리로37길,157,85,1.85,84,73,1.15
219,202404,111404103231,서울특별시,중구,왕십리로39길,782,413,1.89,373,409,0.91
220,202404,111404103232,서울특별시,중구,을지로11길,3,2,1.5,3,0,3.0
221,202404,111404103233,서울특별시,중구,을지로12길,154,142,1.08,66,88,0.75
222,202404,111404103234,서울특별시,중구,을지로13길,1,1,1.0,1,0,1.0
223,202404,111404103235,서울특별시,중구,을지로14길,47,47,1.0,32,15,2.13
224,202404,111404103236,서울특별시,중구,을지로15길,1507,914,1.65,754,753,1.0
225,202404,111404103237,서울특별시,중구,을지로16길,14,11,1.27,10,4,2.5
226,202404,111404103238,서울특별시,중구,을지로17길,2,2,1.0,1,1,1.0
227,202404,111404103239,서울특별시,중구,을지로18길,18,15,1.2,9,9,1.0
228,202404,111404103240,서울특별시,중구,을지로19길,4,3,1.33,2,2,1.0
229,202404,111404103241,서울특별시,중구,을지로1길,1,1,1.0,1,0,1.0
230,202404,111404103242,서울특별시,중구,을지로20길,13,10,1.3,7,6,1.17
231,202404,111404103245,서울특별시,중구,을지로27가길,60,41,1.46,36,24,1.5
232,202404,111404103246,서울특별시,중구,을지로27길,72,68,1.06,61,11,5.55
233,202404,111404103247,서울특별시,중구,을지로28길,53,44,1.2,29,24,1.21
234,202404,111404103248,서울특별시,중구,을지로30길,38,33,1.15,29,9,3.22
235,202404,111404103249,서울특별시,중구,을지로32길,75,56,1.34,44,31,1.42
236,202404,111404103250,서울특별시,중구,을지로33길,33,27,1.22,25,8,3.13
237,202404,111404103251,서울특별시,중구,을지로35길,15,13,1.15,8,7,1.14
238,202404,111404103252,서울특별시,중구,을지로36길,11,11,1.0,10,1,10.0
239,202404,111404103253,서울특별시,중구,을지로38길,47,34,1.38,22,25,0.88
240,202404,111404103254,서울특별시,중구,을지로39길,3,2,1.5,1,2,0.5
241,202404,111404103255,서울특별시,중구,을지로3길,16,12,1.33,9,7,1.29
242,202404,111404103256,서울특별시,중구,을지로40길,109,69,1.58,56,53,1.06
243,202404,111404103258,서울특별시,중구,을지로42길,28,25,1.12,21,7,3.0
244,202404,111404103259,서울특별시,중구,을지로43길,4,4,1.0,3,1,3.0
245,202404,111404103260,서울특별시,중구,을지로44길,55,47,1.17,33,22,1.5
246,202404,111404103261,서울특별시,중구,을지로45길,8,7,1.14,7,1,7.0
247,202404,111404103264,서울특별시,중구,을지로9길,2,2,1.0,2,0,2.0
248,202404,111404103266,서울특별시,중구,장충단로10길,174,106,1.64,78,96,0.81
249,202404,111404103267,서울특별시,중구,장충단로13길,1,1,1.0,1,0,1.0
250,202404,111404103268,서울특별시,중구,장충단로4길,520,238,2.18,244,276,0.88
251,202404,111404103269,서울특별시,중구,장충단로6가길,406,219,1.85,197,209,0.94
252,202404,111404103270,서울특별시,중구,장충단로6길,186,118,1.58,82,104,0.79
253,202404,111404103271,서울특별시,중구,장충단로7가길,60,33,1.82,31,29,1.07
254,202404,111404103272,서울특별시,중구,장충단로7길,257,144,1.78,135,122,1.11
255,202404,111404103273,서울특별시,중구,장충단로8가길,184,106,1.74,87,97,0.9
256,202404,111404103274,서울특별시,중구,장충단로8길,405,224,1.81,209,196,1.07
257,202404,111404103275,서울특별시,중구,장충단로8나길,189,108,1.75,98,91,1.08
258,202404,111404103276,서울특별시,중구,정동길,334,125,2.67,181,153,1.18
259,202404,111404103277,서울특별시,중구,중림로2길,519,285,1.82,261,258,1.01
260,202404,111404103278,서울특별시,중구,중림로4길,807,448,1.8,369,438,0.84
261,202404,111404103279,서울특별시,중구,중림로5길,12,10,1.2,6,6,1.0
262,202404,111404103280,서울특별시,중구,중림로7길,184,137,1.34,117,67,1.75
263,202404,111404103281,서울특별시,중구,중림로8길,229,134,1.71,122,107,1.14
264,202404,111404103282,서울특별시,중구,중림로9길,32,29,1.1,20,12,1.67
265,202404,111404103284,서울특별시,중구,창경궁로1길,33,29,1.14,18,15,1.2
266,202404,111404103285,서울특별시,중구,창경궁로5가길,17,14,1.21,10,7,1.43
267,202404,111404103286,서울특별시,중구,창경궁로5길,14,11,1.27,7,7,1.0
268,202404,111404103287,서울특별시,중구,창경궁로5나길,3,1,3.0,2,1,2.0
269,202404,111404103288,서울특별시,중구,창경궁로5다길,8,5,1.6,5,3,1.67
270,202404,111404103289,서울특별시,중구,창경궁로7길,3,2,1.5,2,1,2.0
271,202404,111404103290,서울특별시,중구,창경궁로8길,13,8,1.63,9,4,2.25
272,202404,111404103292,서울특별시,중구,청구로10길,232,142,1.63,112,120,0.93
273,202404,111404103293,서울특별시,중구,청구로12길,268,151,1.77,140,128,1.09
274,202404,111404103294,서울특별시,중구,청구로14길,202,121,1.67,97,105,0.92
275,202404,111404103295,서울특별시,중구,청구로16길,100,58,1.72,55,45,1.22
276,202404,111404103296,서울특별시,중구,청구로17길,476,251,1.9,229,247,0.93
277,202404,111404103297,서울특별시,중구,청구로19길,139,92,1.51,62,77,0.81
278,202404,111404103298,서울특별시,중구,청구로1길,3914,1632,2.4,1843,2071,0.89
279,202404,111404103299,서울특별시,중구,청구로21길,642,330,1.95,291,351,0.83
280,202404,111404103300,서울특별시,중구,청구로22길,270,135,2.0,140,130,1.08
281,202404,111404103301,서울특별시,중구,청구로24길,83,57,1.46,43,40,1.08
282,202404,111404103302,서울특별시,중구,청구로3가길,87,45,1.93,43,44,0.98
283,202404,111404103303,서울특별시,중구,청구로3길,531,291,1.82,266,265,1.0
284,202404,111404103304,서울특별시,중구,청구로3나길,118,57,2.07,56,62,0.9
285,202404,111404103305,서울특별시,중구,청구로3다길,96,55,1.75,42,54,0.78
286,202404,111404103306,서울특별시,중구,청구로4길,278,116,2.4,145,133,1.09
287,202404,111404103307,서울특별시,중구,청구로6길,214,97,2.21,102,112,0.91
288,202404,111404103308,서울특별시,중구,청구로8길,40,24,1.67,19,21,0.9
289,202404,111404103310,서울특별시,중구,청파로103길,122,107,1.14,94,28,3.36
290,202404,111404103311,서울특별시,중구,충무로11길,2,2,1.0,1,1,1.0
291,202404,111404103313,서울특별시,중구,충무로14길,1,1,1.0,1,0,1.0
292,202404,111404103314,서울특별시,중구,충무로2길,25,18,1.39,16,9,1.78
293,202404,111404103315,서울특별시,중구,충무로4길,8,4,2.0,4,4,1.0
294,202404,111404103316,서울특별시,중구,충무로5길,3,3,1.0,3,0,3.0
295,202404,111404103317,서울특별시,중구,충무로7길,17,16,1.06,13,4,3.25
296,202404,111404103318,서울특별시,중구,충무로9길,52,47,1.11,33,19,1.74
297,202404,111404103322,서울특별시,중구,퇴계로10길,91,69,1.32,52,39,1.33
298,202404,111404103323,서울특별시,중구,퇴계로12가길,109,70,1.56,50,59,0.85
299,202404,111404103324,서울특별시,중구,퇴계로12길,301,171,1.76,164,137,1.2
300,202404,111404103325,서울특별시,중구,퇴계로14길,12,8,1.5,7,5,1.4
301,202404,111404103326,서울특별시,중구,퇴계로16길,69,52,1.33,31,38,0.82
302,202404,111404103327,서울특별시,중구,퇴계로18길,132,94,1.4,67,65,1.03
303,202404,111404103328,서울특별시,중구,퇴계로20가길,19,12,1.58,10,9,1.11
304,202404,111404103329,서울특별시,중구,퇴계로20길,225,170,1.32,127,98,1.3
305,202404,111404103330,서울특별시,중구,퇴계로20나길,243,154,1.58,110,133,0.83
306,202404,111404103331,서울특별시,중구,퇴계로22길,25,19,1.32,13,12,1.08
307,202404,111404103332,서울특별시,중구,퇴계로24길,15,13,1.15,6,9,0.67
308,202404,111404103334,서울특별시,중구,퇴계로26길,4,3,1.33,3,1,3.0
309,202404,111404103335,서울특별시,중구,퇴계로27길,73,58,1.26,32,41,0.78
310,202404,111404103336,서울특별시,중구,퇴계로28길,35,21,1.67,18,17,1.06
311,202404,111404103337,서울특별시,중구,퇴계로2길,148,88,1.68,67,81,0.83
312,202404,111404103338,서울특별시,중구,퇴계로30길,183,89,2.06,91,92,0.99
313,202404,111404103339,서울특별시,중구,퇴계로31길,20,20,1.0,17,3,5.67
314,202404,111404103340,서울특별시,중구,퇴계로32길,88,51,1.73,48,40,1.2
315,202404,111404103341,서울특별시,중구,퇴계로34길,1,1,1.0,0,1,0.0
316,202404,111404103342,서울특별시,중구,퇴계로36가길,237,140,1.69,122,115,1.06
317,202404,111404103343,서울특별시,중구,퇴계로36길,49,38,1.29,27,22,1.23
318,202404,111404103344,서울특별시,중구,퇴계로36나길,84,45,1.87,41,43,0.95
319,202404,111404103345,서울특별시,중구,퇴계로37길,1,1,1.0,1,0,1.0
320,202404,111404103346,서울특별시,중구,퇴계로39길,2,2,1.0,2,0,2.0
321,202404,111404103347,서울특별시,중구,퇴계로41가길,1,1,1.0,1,0,1.0
322,202404,111404103348,서울특별시,중구,퇴계로41길,99,53,1.87,57,42,1.36
323,202404,111404103349,서울특별시,중구,퇴계로42길,25,17,1.47,12,13,0.92
324,202404,111404103350,서울특별시,중구,퇴계로44길,36,19,1.89,22,14,1.57
325,202404,111404103351,서울특별시,중구,퇴계로45길,52,48,1.08,29,23,1.26
326,202404,111404103352,서울특별시,중구,퇴계로46길,274,215,1.27,137,137,1.0
327,202404,111404103353,서울특별시,중구,퇴계로48길,35,21,1.67,18,17,1.06
328,202404,111404103354,서울특별시,중구,퇴계로49길,388,339,1.14,171,217,0.79
329,202404,111404103355,서울특별시,중구,퇴계로4길,128,74,1.73,68,60,1.13
330,202404,111404103356,서울특별시,중구,퇴계로50가길,93,68,1.37,47,46,1.02
331,202404,111404103357,서울특별시,중구,퇴계로50길,358,209,1.71,182,176,1.03
332,202404,111404103358,서울특별시,중구,퇴계로51길,81,75,1.08,51,30,1.7
333,202404,111404103359,서울특별시,중구,퇴계로52길,244,146,1.67,125,119,1.05
334,202404,111404103360,서울특별시,중구,퇴계로53길,19,12,1.58,11,8,1.38
335,202404,111404103361,서울특별시,중구,퇴계로54길,113,73,1.55,60,53,1.13
336,202404,111404103362,서울특별시,중구,퇴계로56가길,90,56,1.61,53,37,1.43
337,202404,111404103363,서울특별시,중구,퇴계로56길,108,77,1.4,58,50,1.16
338,202404,111404103364,서울특별시,중구,퇴계로58길,15,12,1.25,7,8,0.88
339,202404,111404103365,서울특별시,중구,퇴계로60길,28,16,1.75,16,12,1.33
340,202404,111404103366,서울특별시,중구,퇴계로62길,84,51,1.65,41,43,0.95
341,202404,111404103367,서울특별시,중구,퇴계로63길,23,19,1.21,13,10,1.3
342,202404,111404103368,서울특별시,중구,퇴계로64길,49,28,1.75,30,19,1.58
343,202404,111404103369,서울특별시,중구,퇴계로66길,127,80,1.59,59,68,0.87
344,202404,111404103370,서울특별시,중구,퇴계로67길,6,5,1.2,3,3,1.0
345,202404,111404103371,서울특별시,중구,퇴계로68길,18,13,1.38,7,11,0.64
346,202404,111404103372,서울특별시,중구,퇴계로6가길,100,61,1.64,48,52,0.92
347,202404,111404103373,서울특별시,중구,퇴계로6길,127,82,1.55,71,56,1.27
348,202404,111404103374,서울특별시,중구,퇴계로70길,37,18,2.06,18,19,0.95
349,202404,111404103375,서울특별시,중구,퇴계로71길,31,27,1.15,7,24,0.29
350,202404,111404103376,서울특별시,중구,퇴계로73가길,63,41,1.54,27,36,0.75
351,202404,111404103377,서울특별시,중구,퇴계로73길,143,97,1.47,67,76,0.88
352,202404,111404103378,서울특별시,중구,퇴계로74길,56,35,1.6,29,27,1.07
353,202404,111404103379,서울특별시,중구,퇴계로75길,215,196,1.1,79,136,0.58
354,202404,111404103380,서울특별시,중구,퇴계로76길,145,119,1.22,87,58,1.5
355,202404,111404103381,서울특별시,중구,퇴계로78길,26,20,1.3,16,10,1.6
356,202404,111404103382,서울특별시,중구,퇴계로80길,316,183,1.73,155,161,0.96
357,202404,111404103383,서울특별시,중구,퇴계로81가길,30,17,1.76,16,14,1.14
358,202404,111404103384,서울특별시,중구,퇴계로81길,46,28,1.64,24,22,1.09
359,202404,111404103385,서울특별시,중구,퇴계로83길,527,315,1.67,289,238,1.21
360,202404,111404103386,서울특별시,중구,퇴계로84길,306,181,1.69,166,140,1.19
361,202404,111404103387,서울특별시,중구,퇴계로85길,168,95,1.77,92,76,1.21
362,202404,111404103388,서울특별시,중구,퇴계로86가길,266,121,2.2,119,147,0.81
363,202404,111404103389,서울특별시,중구,퇴계로86길,232,107,2.17,115,117,0.98
364,202404,111404103390,서울특별시,중구,퇴계로87길,845,493,1.71,448,397,1.13
365,202404,111404103391,서울특별시,중구,퇴계로88가길,755,380,1.99,374,381,0.98
366,202404,111404103392,서울특별시,중구,퇴계로88길,453,276,1.64,217,236,0.92
367,202404,111404103393,서울특별시,중구,퇴계로88나길,248,116,2.14,141,107,1.32
368,202404,111404103394,서울특별시,중구,퇴계로88다길,355,165,2.15,183,172,1.06
369,202404,111404103395,서울특별시,중구,퇴계로8길,753,495,1.52,382,371,1.03
370,202404,111404103396,서울특별시,중구,퇴계로90길,3466,1471,2.36,1662,1804,0.92
371,202404,111404103397,서울특별시,중구,필동로1길,158,122,1.3,74,84,0.88
372,202404,111404103398,서울특별시,중구,필동로3길,83,42,1.98,45,38,1.18
373,202404,111404103399,서울특별시,중구,필동로5길,135,66,2.05,58,77,0.75
374,202404,111404103400,서울특별시,중구,필동로6길,178,75,2.37,91,87,1.05
375,202404,111404103401,서울특별시,중구,필동로8가길,76,35,2.17,44,32,1.38
376,202404,111404103402,서울특별시,중구,필동로8길,490,273,1.79,239,251,0.95
377,202404,111404103405,서울특별시,중구,후암로58길,19,19,1.0,18,1,18.0
378,202404,111404103406,서울특별시,중구,후암로60길,227,223,1.02,191,36,5.31
379,202404,,서울특별시,중구,,5,2,2.5,2,3,0.67
